Métrica,Valor
Modularidade,0.8971224193087122
Purity,0.9297672193877551
Adjusted Rand Index (ARI),0.01155397823210753
Normalized Mutual Information (NMI),0.19278996866603837
Homogeneity,0.641378560055669
Completeness,0.11344502660675525
