Métrica,Valor
Modularidade,0.7713710790658779
ARI comunidade × cadeia,0.287683780742217
NMI comunidade × cadeia,0.548673454752268
